{"val_loss":0.6443437337875366,"_wandb":{"runtime":149},"_runtime":149,"_timestamp":1.7576616565824423e+09,"_step":1649,"train_loss":0.6428548097610474,"samples":8000,"epoch":50}