{"samples":512,"epoch":223,"_timestamp":1.757662248498951e+09,"_step":7327,"val_loss":0.6363832354545593,"_wandb":{"runtime":587},"_runtime":587,"train_loss":0.6361941695213318}